{
	"Royal Bank of Boredom":"http://localhost:1234/rbf",
	"Credit Sweets":"http://localhost:1234/cs",
	"Banco de espiritu santo":"http://localhost:1234/bes",
	"Banco Con Deserts":"http://localhost:1234/bds",	
	"Mbanken AS":"http://localhost:1234/mbn",
	"Mbanken ASA":"http://localhost:1234/mbs",
	"Banco Republico":"http://localhost:1234/br",
	"Bank Dariatur":"http://localhost:1234/bdr",
	"Bank Dolores":"http://localhost:1234/bds",
	"Constantie Bank":"http://localhost:1234/con",
	"Norway National Bank":"http://localhost:1234/nnb",
	"National Savings Bank":"http://localhost:1234/nsb",
	"Bank Nulla":"http://localhost:1234/bnu",
	"One Nations Bank":"http://localhost:1234/onb",
	"First Guarantee Group":"http://localhost:1234/fgg",
	"Bank Ullamco":"http://localhost:1234/blc",
	"Last National Bank":"http://localhost:1234/lnb",
	"Animat":"http://localhost:1234/amt",
	"Soar Credit Union":"http://localhost:1234/scu",
	"Cash Finanacial":"http://localhost:1234/csh"
}
